year,month,extent_north,area_north,extent_south,area_south,extent_global,change_north,change_south,change_global,month_cat
1979,1,15.41,12.41,5.4,3.47,20.81,0.0,0.0,0.0,January
1980,1,14.86,11.94,4.56,3.08,19.42,-0.55,-0.84,-1.39,January
1981,1,14.91,11.91,4.41,2.84,19.32,-0.5,-0.99,-1.49,January
1982,1,15.18,12.19,5.26,3.25,20.44,-0.23,-0.14,-0.37,January
1983,1,14.94,12.01,4.77,3.21,19.71,-0.47,-0.63,-1.1,January
1984,1,14.47,11.68,4.78,2.93,19.25,-0.94,-0.62,-1.56,January
1985,1,14.72,11.69,4.46,2.87,19.18,-0.69,-0.94,-1.63,January
1986,1,14.89,11.88,5.42,3.43,20.31,-0.52,0.02,-0.5,January
1987,1,14.97,11.9,5.13,3.31,20.1,-0.44,-0.27,-0.71,January
1988,1,14.96,12.54,4.935,3.24,19.895,-0.45,-0.465,-0.915,January
1989,1,14.95,13.18,4.74,3.17,19.69,-0.46,-0.66,-1.12,January
1990,1,14.78,12.8,4.87,3.39,19.65,-0.63,-0.53,-1.16,January
1991,1,14.36,12.57,5.34,3.52,19.7,-1.05,-0.06,-1.11,January
1992,1,14.64,12.61,4.75,3.24,19.39,-0.77,-0.65,-1.42,January
1993,1,14.9,12.93,4.41,2.55,19.31,-0.51,-0.99,-1.5,January
1994,1,14.73,12.88,4.97,3.37,19.7,-0.68,-0.43,-1.11,January
1995,1,14.59,12.79,5.64,3.73,20.23,-0.82,0.24,-0.58,January
1996,1,14.18,12.15,5.87,3.55,20.05,-1.23,0.47,-0.76,January
1997,1,14.42,12.39,4.2,2.77,18.62,-0.99,-1.2,-2.19,January
1998,1,14.72,12.81,4.46,3.04,19.18,-0.69,-0.94,-1.63,January
1999,1,14.36,12.6,4.82,3.11,19.18,-1.05,-0.58,-1.63,January
2000,1,14.22,12.3,4.75,2.92,18.97,-1.19,-0.65,-1.84,January
2001,1,14.2,12.35,5.23,3.64,19.43,-1.21,-0.17,-1.38,January
2002,1,14.27,12.26,4.74,2.95,19.01,-1.14,-0.66,-1.8,January
2003,1,14.39,12.29,5.77,4.11,20.16,-1.02,0.37,-0.65,January
2004,1,14.03,12.26,5.59,3.8,19.62,-1.38,0.19,-1.19,January
2005,1,13.66,11.92,4.75,3.18,18.41,-1.75,-0.65,-2.4,January
2006,1,13.47,11.65,4.16,2.81,17.63,-1.94,-1.24,-3.18,January
2007,1,13.7,11.86,4.67,3.0,18.37,-1.71,-0.73,-2.44,January
2008,1,13.89,12.3,6.41,4.07,20.3,-1.52,1.01,-0.51,January
2009,1,13.91,12.32,5.71,3.5,19.62,-1.5,0.31,-1.19,January
2010,1,13.74,12.04,4.96,3.33,18.7,-1.67,-0.44,-2.11,January
2011,1,13.46,11.83,4.51,3.05,17.97,-1.95,-0.89,-2.84,January
2012,1,13.73,12.21,5.65,3.71,19.38,-1.68,0.25,-1.43,January
2013,1,13.7,12.02,5.54,3.94,19.24,-1.71,0.14,-1.57,January
2014,1,13.65,12.1,6.33,4.38,19.98,-1.76,0.93,-0.83,January
2015,1,13.6,12.17,6.85,4.34,20.45,-1.81,1.45,-0.36,January
2016,1,13.46,11.8,4.69,3.03,18.15,-1.95,-0.71,-2.66,January
2017,1,13.19,11.37,3.78,2.56,16.97,-2.22,-1.62,-3.84,January
2018,1,13.08,11.7,4.21,2.69,17.29,-2.33,-1.19,-3.52,January
2019,1,13.57,12.14,3.87,2.66,17.44,-1.84,-1.53,-3.37,January
2020,1,13.64,12.15,4.6,3.09,18.24,-1.77,-0.8,-2.57,January
1979,2,16.18,13.18,3.14,2.11,19.32,0.0,0.0,0.0,February
1980,2,15.96,12.9,2.82,1.85,18.78,-0.22,-0.32,-0.54,February
1981,2,15.6,12.53,2.87,1.74,18.47,-0.58,-0.27,-0.85,February
1982,2,15.97,12.87,3.13,1.86,19.1,-0.21,-0.01,-0.22,February
1983,2,16.01,12.94,3.07,1.91,19.08,-0.17,-0.07,-0.24,February
1984,2,15.3,12.26,2.68,1.75,17.98,-0.88,-0.46,-1.34,February
1985,2,15.47,12.48,2.84,1.83,18.31,-0.71,-0.3,-1.01,February
1986,2,15.78,12.62,3.19,2.0,18.97,-0.4,0.05,-0.35,February
1987,2,16.05,13.02,3.25,2.0,19.3,-0.13,0.11,-0.02,February
1988,2,15.58,13.57,2.89,1.9,18.47,-0.6,-0.25,-0.85,February
1989,2,15.5,13.36,2.98,2.03,18.48,-0.68,-0.16,-0.84,February
1990,2,15.58,13.42,3.04,2.21,18.62,-0.6,-0.1,-0.7,February
1991,2,15.25,13.22,3.16,2.09,18.41,-0.93,0.02,-0.91,February
1992,2,15.46,13.58,2.84,1.86,18.3,-0.72,-0.3,-1.02,February
1993,2,15.69,13.61,2.48,1.37,18.17,-0.49,-0.66,-1.15,February
1994,2,15.56,13.52,3.2,2.22,18.76,-0.62,0.06,-0.56,February
1995,2,15.23,13.37,3.56,2.19,18.79,-0.95,0.42,-0.53,February
1996,2,15.15,12.98,2.98,1.77,18.13,-1.03,-0.16,-1.19,February
1997,2,15.44,13.44,2.49,1.72,17.93,-0.74,-0.65,-1.39,February
1998,2,15.75,13.77,2.99,1.87,18.74,-0.43,-0.15,-0.58,February
1999,2,15.31,13.45,2.97,1.77,18.28,-0.87,-0.17,-1.04,February
2000,2,15.14,13.09,2.91,1.72,18.05,-1.04,-0.23,-1.27,February
2001,2,15.21,13.22,3.65,2.44,18.86,-0.97,0.51,-0.46,February
2002,2,15.34,13.42,2.96,1.82,18.3,-0.84,-0.18,-1.02,February
2003,2,15.19,13.23,3.79,2.66,18.98,-0.99,0.65,-0.34,February
2004,2,14.91,12.94,3.58,2.36,18.49,-1.27,0.44,-0.83,February
2005,2,14.37,12.35,2.97,1.97,17.34,-1.81,-0.17,-1.98,February
2006,2,14.32,12.35,2.65,1.76,16.97,-1.86,-0.49,-2.35,February
2007,2,14.51,12.58,2.9,1.94,17.41,-1.67,-0.24,-1.91,February
2008,2,14.95,13.21,3.89,2.4,18.84,-1.23,0.75,-0.48,February
2009,2,14.81,13.21,2.99,1.97,17.8,-1.37,-0.15,-1.52,February
2010,2,14.58,12.96,3.11,2.11,17.69,-1.6,-0.03,-1.63,February
2011,2,14.36,12.76,2.52,1.86,16.88,-1.82,-0.62,-2.44,February
2012,2,14.55,12.72,3.55,2.19,18.1,-1.63,0.41,-1.22,February
2013,2,14.72,13.2,3.84,2.58,18.56,-1.46,0.7,-0.76,February
2014,2,14.42,12.56,3.84,2.65,18.26,-1.76,0.7,-1.06,February
2015,2,14.4,12.85,3.8,2.54,18.2,-1.78,0.66,-1.12,February
2016,2,14.2,12.43,2.79,1.86,16.99,-1.98,-0.35,-2.33,February
2017,2,14.12,12.32,2.29,1.64,16.41,-2.06,-0.85,-2.91,February
2018,2,13.97,12.31,2.33,1.63,16.3,-2.21,-0.81,-3.02,February
2019,2,14.39,12.76,2.65,1.81,17.04,-1.79,-0.49,-2.28,February
2020,2,14.64,12.95,2.92,1.83,17.56,-1.54,-0.22,-1.76,February
1979,3,16.34,13.21,4.0,2.66,20.34,0.0,0.0,0.0,March
1980,3,16.04,12.99,3.29,2.11,19.33,-0.3,-0.71,-1.01,March
1981,3,15.63,12.71,3.39,2.16,19.02,-0.71,-0.61,-1.32,March
1982,3,16.04,13.07,4.29,2.84,20.33,-0.3,0.29,-0.01,March
1983,3,16.09,12.93,4.02,2.62,20.11,-0.25,0.02,-0.23,March
1984,3,15.58,12.55,3.61,2.34,19.19,-0.76,-0.39,-1.15,March
1985,3,15.89,12.75,3.72,2.54,19.61,-0.45,-0.28,-0.73,March
1986,3,15.91,12.72,3.7,2.38,19.61,-0.43,-0.3,-0.73,March
1987,3,15.82,12.83,4.11,2.75,19.93,-0.52,0.11,-0.41,March
1988,3,15.96,13.9,3.97,2.59,19.93,-0.38,-0.03,-0.41,March
1989,3,15.42,13.21,3.93,2.59,19.35,-0.92,-0.07,-0.99,March
1990,3,15.87,13.51,3.97,2.79,19.84,-0.47,-0.03,-0.5,March
1991,3,15.42,13.42,3.81,2.65,19.23,-0.92,-0.19,-1.11,March
1992,3,15.48,13.48,3.57,2.47,19.05,-0.86,-0.43,-1.29,March
1993,3,15.81,13.77,3.67,2.24,19.48,-0.53,-0.33,-0.86,March
1994,3,15.55,13.55,4.55,3.2,20.1,-0.79,0.55,-0.24,March
1995,3,15.26,13.34,4.63,3.01,19.89,-1.08,0.63,-0.45,March
1996,3,15.12,12.9,4.18,2.65,19.3,-1.22,0.18,-1.04,March
1997,3,15.47,13.3,3.46,2.3,18.93,-0.87,-0.54,-1.41,March
1998,3,15.6,13.57,4.11,2.71,19.71,-0.74,0.11,-0.63,March
1999,3,15.4,13.54,3.98,2.58,19.38,-0.94,-0.02,-0.96,March
2000,3,15.22,13.17,4.09,2.67,19.31,-1.12,0.09,-1.03,March
2001,3,15.52,13.64,4.73,3.36,20.25,-0.82,0.73,-0.09,March
2002,3,15.35,13.42,3.75,2.36,19.1,-0.99,-0.25,-1.24,March
2003,3,15.48,13.42,4.44,3.24,19.92,-0.86,0.44,-0.42,March
2004,3,14.99,12.99,4.53,3.16,19.52,-1.35,0.53,-0.82,March
2005,3,14.69,12.74,4.08,2.73,18.77,-1.65,0.08,-1.57,March
2006,3,14.42,12.52,3.21,2.01,17.63,-1.92,-0.79,-2.71,March
2007,3,14.54,12.56,3.83,2.54,18.37,-1.8,-0.17,-1.97,March
2008,3,15.18,13.53,5.28,3.68,20.46,-1.16,1.28,0.12,March
2009,3,14.98,13.43,4.44,3.02,19.42,-1.36,0.44,-0.92,March
2010,3,15.14,13.53,3.85,2.66,18.99,-1.2,-0.15,-1.35,March
2011,3,14.55,12.83,3.37,2.26,17.92,-1.79,-0.63,-2.42,March
2012,3,15.2,13.41,4.55,2.91,19.75,-1.14,0.55,-0.59,March
2013,3,15.03,13.45,5.02,3.49,20.05,-1.31,1.02,-0.29,March
2014,3,14.76,12.95,4.9,3.32,19.66,-1.58,0.9,-0.68,March
2015,3,14.37,12.78,4.96,3.45,19.33,-1.97,0.96,-1.01,March
2016,3,14.4,12.61,4.07,2.77,18.47,-1.94,0.07,-1.87,March
2017,3,14.29,12.61,2.7,1.83,16.99,-2.05,-1.3,-3.35,March
2018,3,14.3,12.69,3.54,2.31,17.84,-2.04,-0.46,-2.5,March
2019,3,14.57,12.89,3.17,2.1,17.74,-1.77,-0.83,-2.6,March
2020,3,14.73,13.03,4.0,2.59,18.73,-1.61,0.0,-1.61,March
1979,4,15.45,12.53,7.49,5.45,22.94,0.0,0.0,0.0,April
1980,4,15.43,12.52,5.4,3.68,20.83,-0.02,-2.09,-2.11,April
1981,4,15.01,12.24,5.84,4.07,20.85,-0.44,-1.65,-2.09,April
1982,4,15.47,12.63,7.72,5.79,23.19,0.02,0.23,0.25,April
1983,4,15.17,12.21,6.47,4.7,21.64,-0.28,-1.02,-1.3,April
1984,4,15.01,12.18,6.42,4.53,21.43,-0.44,-1.07,-1.51,April
1985,4,15.36,12.54,6.49,4.74,21.85,-0.09,-1.0,-1.09,April
1986,4,15.06,12.04,6.39,4.56,21.45,-0.39,-1.1,-1.49,April
1987,4,15.21,12.35,6.8,5.04,22.01,-0.24,-0.69,-0.93,April
1988,4,15.12,13.18,6.29,4.44,21.41,-0.33,-1.2,-1.53,April
1989,4,14.33,12.36,6.31,4.5,20.64,-1.12,-1.18,-2.3,April
1990,4,14.65,12.28,7.0,5.18,21.65,-0.8,-0.49,-1.29,April
1991,4,14.86,12.87,7.05,5.18,21.91,-0.59,-0.44,-1.03,April
1992,4,14.68,12.84,6.79,5.0,21.47,-0.77,-0.7,-1.47,April
1993,4,15.08,13.03,6.65,4.9,21.73,-0.37,-0.84,-1.21,April
1994,4,14.89,12.91,7.22,5.45,22.11,-0.56,-0.27,-0.83,April
1995,4,14.45,12.4,7.27,5.4,21.72,-1.0,-0.22,-1.22,April
1996,4,14.22,12.32,7.28,5.37,21.5,-1.23,-0.21,-1.44,April
1997,4,14.56,12.57,6.49,4.84,21.05,-0.89,-1.0,-1.89,April
1998,4,14.89,12.85,6.85,5.12,21.74,-0.56,-0.64,-1.2,April
1999,4,15.08,13.15,6.89,5.13,21.97,-0.37,-0.6,-0.97,April
2000,4,14.56,12.6,7.13,5.31,21.69,-0.89,-0.36,-1.25,April
2001,4,14.86,13.05,7.04,5.3,21.9,-0.59,-0.45,-1.04,April
2002,4,14.3,12.41,6.33,4.59,20.63,-1.15,-1.16,-2.31,April
2003,4,14.51,12.46,7.21,5.56,21.72,-0.94,-0.28,-1.22,April
2004,4,13.99,12.16,7.28,5.39,21.27,-1.46,-0.21,-1.67,April
2005,4,14.09,12.23,7.03,5.19,21.12,-1.36,-0.46,-1.82,April
2006,4,13.91,12.04,6.01,4.28,19.92,-1.54,-1.48,-3.02,April
2007,4,13.85,11.83,6.42,4.7,20.27,-1.6,-1.07,-2.67,April
2008,4,14.35,12.78,8.24,6.23,22.59,-1.1,0.75,-0.35,April
2009,4,14.5,12.92,7.8,5.96,22.3,-0.95,0.31,-0.64,April
2010,4,14.66,12.85,6.72,5.0,21.38,-0.79,-0.77,-1.56,April
2011,4,14.11,12.45,6.1,4.39,20.21,-1.34,-1.39,-2.73,April
2012,4,14.63,12.87,7.31,5.55,21.94,-0.82,-0.18,-1.0,April
2013,4,14.3,12.75,7.62,5.75,21.92,-1.15,0.13,-1.02,April
2014,4,14.09,12.43,8.34,6.41,22.43,-1.36,0.85,-0.51,April
2015,4,13.89,12.33,8.37,6.37,22.26,-1.56,0.88,-0.68,April
2016,4,13.68,11.98,7.22,5.38,20.9,-1.77,-0.27,-2.04,April
2017,4,13.75,12.26,5.44,3.93,19.19,-1.7,-2.05,-3.75,April
2018,4,13.7,12.28,6.03,4.15,19.73,-1.75,-1.46,-3.21,April
2019,4,13.43,11.9,5.72,4.18,19.15,-2.02,-1.77,-3.79,April
2020,4,13.62,12.02,6.66,4.81,20.28,-1.83,-0.83,-2.66,April
1979,5,13.86,11.11,10.83,8.3,24.69,0.0,0.0,0.0,May
1980,5,13.79,10.96,8.86,6.44,22.65,-0.07,-1.97,-2.04,May
1981,5,13.8,10.99,9.35,7.08,23.15,-0.06,-1.48,-1.54,May
1982,5,13.97,11.17,10.76,8.27,24.73,0.11,-0.07,0.04,May
1983,5,13.49,10.87,9.53,7.16,23.02,-0.37,-1.3,-1.67,May
1984,5,13.58,10.88,9.75,7.41,23.33,-0.28,-1.08,-1.36,May
1985,5,14.07,11.25,10.15,7.84,24.22,0.21,-0.68,-0.47,May
1986,5,13.38,10.7,9.3,7.04,22.68,-0.48,-1.53,-2.01,May
1987,5,13.74,10.97,9.69,7.53,23.43,-0.12,-1.14,-1.26,May
1988,5,13.56,11.41,9.6,7.23,23.16,-0.3,-1.23,-1.53,May
1989,5,13.04,11.35,10.3,8.0,23.34,-0.82,-0.53,-1.35,May
1990,5,13.23,10.9,9.72,7.46,22.95,-0.63,-1.11,-1.74,May
1991,5,13.47,11.5,10.28,7.86,23.75,-0.39,-0.55,-0.94,May
1992,5,13.22,11.43,9.92,7.62,23.14,-0.64,-0.91,-1.55,May
1993,5,13.37,11.42,10.1,7.89,23.47,-0.49,-0.73,-1.22,May
1994,5,13.62,11.66,10.41,8.21,24.03,-0.24,-0.42,-0.66,May
1995,5,12.97,10.9,10.42,8.19,23.39,-0.89,-0.41,-1.3,May
1996,5,13.09,11.28,10.92,8.65,24.01,-0.77,0.09,-0.68,May
1997,5,13.18,11.24,10.12,7.91,23.3,-0.68,-0.71,-1.39,May
1998,5,13.59,11.4,10.33,7.91,23.92,-0.27,-0.5,-0.77,May
1999,5,13.75,11.66,10.27,8.07,24.02,-0.11,-0.56,-0.67,May
2000,5,13.15,11.24,10.92,8.56,24.07,-0.71,0.09,-0.62,May
2001,5,13.51,11.38,10.33,8.0,23.84,-0.35,-0.5,-0.85,May
2002,5,12.97,11.16,9.51,7.18,22.48,-0.89,-1.32,-2.21,May
2003,5,13.02,10.89,10.74,8.45,23.76,-0.84,-0.09,-0.93,May
2004,5,12.56,10.92,10.47,8.19,23.03,-1.3,-0.36,-1.66,May
2005,5,12.91,10.88,10.29,7.96,23.2,-0.95,-0.54,-1.49,May
2006,5,12.52,10.45,9.46,7.2,21.98,-1.34,-1.37,-2.71,May
2007,5,12.78,10.77,9.65,7.54,22.43,-1.08,-1.18,-2.26,May
2008,5,12.97,11.25,11.05,8.6,24.02,-0.89,0.22,-0.67,May
2009,5,13.19,11.48,10.93,8.46,24.12,-0.67,0.1,-0.57,May
2010,5,12.87,10.88,10.64,8.33,23.51,-0.99,-0.19,-1.18,May
2011,5,12.68,10.74,10.09,7.85,22.77,-1.18,-0.74,-1.92,May
2012,5,13.01,11.05,10.46,8.15,23.47,-0.85,-0.37,-1.22,May
2013,5,13.0,11.25,10.92,8.49,23.92,-0.86,0.09,-0.77,May
2014,5,12.7,11.05,11.52,9.03,24.22,-1.16,0.69,-0.47,May
2015,5,12.47,10.9,11.72,9.21,24.19,-1.39,0.89,-0.5,May
2016,5,11.92,10.25,10.1,7.91,22.02,-1.94,-0.73,-2.67,May
2017,5,12.63,11.01,9.01,6.83,21.64,-1.23,-1.82,-3.05,May
2018,5,12.23,10.81,9.32,7.15,21.55,-1.63,-1.51,-3.14,May
2019,5,12.19,10.5,8.85,6.84,21.04,-1.67,-1.98,-3.65,May
2020,5,12.34,10.51,9.87,7.61,22.21,-1.52,-0.96,-2.48,May
1979,6,12.53,9.34,14.19,11.22,26.72,0.0,0.0,0.0,June
1980,6,12.2,9.0,12.49,9.58,24.69,-0.33,-1.7,-2.03,June
1981,6,12.43,9.03,13.11,10.16,25.54,-0.1,-1.08,-1.18,June
1982,6,12.48,9.46,13.42,10.5,25.9,-0.05,-0.77,-0.82,June
1983,6,12.3,9.27,12.64,9.77,24.94,-0.23,-1.55,-1.78,June
1984,6,12.15,9.09,13.23,10.64,25.38,-0.38,-0.96,-1.34,June
1985,6,12.22,8.96,13.43,10.51,25.65,-0.31,-0.76,-1.07,June
1986,6,11.98,8.99,12.69,9.72,24.67,-0.55,-1.5,-2.05,June
1987,6,12.49,9.39,12.68,9.91,25.17,-0.04,-1.51,-1.55,June
1988,6,11.94,9.68,13.09,10.28,25.03,-0.59,-1.1,-1.69,June
1989,6,12.24,9.95,13.58,10.81,25.82,-0.29,-0.61,-0.9,June
1990,6,11.64,9.2,13.08,10.35,24.72,-0.89,-1.11,-2.0,June
1991,6,12.11,9.66,13.07,9.99,25.18,-0.42,-1.12,-1.54,June
1992,6,12.15,9.95,12.81,10.0,24.96,-0.38,-1.38,-1.76,June
1993,6,11.87,9.26,13.15,10.37,25.02,-0.66,-1.04,-1.7,June
1994,6,12.02,9.68,13.56,10.73,25.58,-0.51,-0.63,-1.14,June
1995,6,11.44,8.94,13.29,10.46,24.73,-1.09,-0.9,-1.99,June
1996,6,12.08,9.83,13.87,11.09,25.95,-0.45,-0.32,-0.77,June
1997,6,11.74,9.2,13.12,10.22,24.86,-0.79,-1.07,-1.86,June
1998,6,11.71,9.18,13.31,10.34,25.02,-0.82,-0.88,-1.7,June
1999,6,11.78,9.25,13.65,10.83,25.43,-0.75,-0.54,-1.29,June
2000,6,11.67,9.05,13.89,11.04,25.56,-0.86,-0.3,-1.16,June
2001,6,11.46,9.09,13.42,10.56,24.88,-1.07,-0.77,-1.84,June
2002,6,11.58,9.19,12.38,9.7,23.96,-0.95,-1.81,-2.76,June
2003,6,11.6,9.11,13.99,11.16,25.59,-0.93,-0.2,-1.13,June
2004,6,11.45,9.24,13.78,10.89,25.23,-1.08,-0.41,-1.49,June
2005,6,11.16,8.81,13.29,10.31,24.45,-1.37,-0.9,-2.27,June
2006,6,10.92,8.41,13.34,10.58,24.26,-1.61,-0.85,-2.46,June
2007,6,11.22,8.21,13.29,10.48,24.51,-1.31,-0.9,-2.21,June
2008,6,11.21,8.85,14.06,11.4,25.27,-1.32,-0.13,-1.45,June
2009,6,11.32,9.25,13.91,11.09,25.23,-1.21,-0.28,-1.49,June
2010,6,10.59,8.37,14.41,11.65,25.0,-1.94,0.22,-1.72,June
2011,6,10.75,8.54,13.33,10.54,24.08,-1.78,-0.86,-2.64,June
2012,6,10.67,8.16,13.55,10.79,24.22,-1.86,-0.64,-2.5,June
2013,6,11.36,8.95,14.15,11.27,25.51,-1.17,-0.04,-1.21,June
2014,6,11.03,8.76,14.69,12.06,25.72,-1.5,0.5,-1.0,June
2015,6,10.88,8.7,14.47,11.48,25.35,-1.65,0.28,-1.37,June
2016,6,10.41,8.21,13.24,10.61,23.65,-2.12,-0.95,-3.07,June
2017,6,10.76,8.63,12.41,9.8,23.17,-1.77,-1.78,-3.55,June
2018,6,10.78,8.79,12.89,10.23,23.67,-1.75,-1.3,-3.05,June
2019,6,10.59,8.32,12.25,9.75,22.84,-1.94,-1.94,-3.88,June
2020,6,10.59,8.41,13.27,10.59,23.86,-1.94,-0.92,-2.86,June
1979,7,10.31,6.69,16.52,13.26,26.83,0.0,0.0,0.0,July
1980,7,10.1,6.53,15.56,12.18,25.66,-0.21,-0.96,-1.17,July
1981,7,10.27,6.31,16.04,12.78,26.31,-0.04,-0.48,-0.52,July
1982,7,10.37,6.87,15.87,12.47,26.24,0.06,-0.65,-0.59,July
1983,7,10.57,6.86,15.47,12.37,26.04,0.26,-1.05,-0.79,July
1984,7,9.98,6.3,16.4,13.38,26.38,-0.33,-0.12,-0.45,July
1985,7,9.74,5.99,15.72,12.48,25.46,-0.57,-0.8,-1.37,July
1986,7,10.15,6.62,15.32,12.09,25.47,-0.16,-1.2,-1.36,July
1987,7,10.33,6.55,15.75,12.5,26.08,0.02,-0.77,-0.75,July
1988,7,9.81,7.01,15.75,12.62,25.56,-0.5,-0.77,-1.27,July
1989,7,10.13,7.33,15.71,12.58,25.84,-0.18,-0.81,-0.99,July
1990,7,9.25,6.52,15.57,12.27,24.82,-1.06,-0.95,-2.01,July
1991,7,9.51,6.76,15.55,12.22,25.06,-0.8,-0.97,-1.77,July
1992,7,10.32,7.22,15.89,12.58,26.21,0.01,-0.63,-0.62,July
1993,7,9.48,6.28,15.85,12.72,25.33,-0.83,-0.67,-1.5,July
1994,7,9.93,6.92,16.3,13.12,26.23,-0.38,-0.22,-0.6,July
1995,7,8.99,6.16,15.74,12.53,24.73,-1.32,-0.78,-2.1,July
1996,7,10.16,7.44,16.12,12.89,26.28,-0.15,-0.4,-0.55,July
1997,7,9.41,6.5,15.92,12.75,25.33,-0.9,-0.6,-1.5,July
1998,7,9.42,6.45,15.96,12.66,25.38,-0.89,-0.56,-1.45,July
1999,7,9.49,6.55,16.28,13.06,25.77,-0.82,-0.24,-1.06,July
2000,7,9.51,6.39,16.1,12.99,25.61,-0.8,-0.42,-1.22,July
2001,7,9.07,6.29,15.85,12.58,24.92,-1.24,-0.67,-1.91,July
2002,7,9.27,6.44,15.41,12.52,24.68,-1.04,-1.11,-2.15,July
2003,7,9.21,6.15,16.4,13.17,25.61,-1.1,-0.12,-1.22,July
2004,7,9.43,6.51,16.33,13.16,25.76,-0.88,-0.19,-1.07,July
2005,7,8.65,5.9,16.16,12.72,24.81,-1.66,-0.36,-2.02,July
2006,7,8.46,5.79,16.11,12.88,24.57,-1.85,-0.41,-2.26,July
2007,7,7.94,5.13,15.96,12.61,23.9,-2.37,-0.56,-2.93,July
2008,7,8.68,6.06,16.09,12.95,24.77,-1.63,-0.43,-2.06,July
2009,7,8.47,6.12,16.26,13.09,24.73,-1.84,-0.26,-2.1,July
2010,7,8.07,5.57,16.92,13.74,24.99,-2.24,0.4,-1.84,July
2011,7,7.72,5.4,15.75,12.34,23.47,-2.59,-0.77,-3.36,July
2012,7,7.67,5.09,16.3,13.31,23.97,-2.64,-0.22,-2.86,July
2013,7,8.13,5.81,16.81,13.73,24.94,-2.18,0.29,-1.89,July
2014,7,8.11,5.96,17.11,13.95,25.22,-2.2,0.59,-1.61,July
2015,7,8.38,5.66,16.78,13.45,25.16,-1.93,0.26,-1.67,July
2016,7,7.94,5.37,16.02,12.55,23.96,-2.37,-0.5,-2.87,July
2017,7,7.94,5.65,15.3,12.28,23.24,-2.37,-1.22,-3.59,July
2018,7,8.27,5.76,15.7,12.49,23.97,-2.04,-0.82,-2.86,July
2019,7,7.59,5.13,15.3,12.33,22.89,-2.72,-1.22,-3.94,July
2020,7,7.29,5.07,15.72,12.58,23.01,-3.02,-0.8,-3.82,July
1979,8,8.04,5.06,17.7,13.79,25.74,0.0,0.0,0.0,August
1980,8,7.98,4.94,17.81,13.96,25.79,-0.06,0.11,0.05,August
1981,8,7.84,4.48,17.74,14.16,25.58,-0.2,0.04,-0.16,August
1982,8,8.14,5.0,17.79,14.28,25.93,0.1,0.09,0.19,August
1983,8,8.19,4.97,17.25,13.84,25.44,0.15,-0.45,-0.3,August
1984,8,7.77,4.68,17.93,14.23,25.7,-0.27,0.23,-0.04,August
1985,8,7.4,4.6,17.63,14.24,25.03,-0.64,-0.07,-0.71,August
1986,8,7.98,5.01,17.0,13.46,24.98,-0.06,-0.7,-0.76,August
1987,8,7.63,5.215,17.6,14.02,25.23,-0.41,-0.1,-0.51,August
1988,8,7.89,5.42,17.56,13.98,25.45,-0.15,-0.14,-0.29,August
1989,8,7.88,5.56,17.47,14.03,25.35,-0.16,-0.23,-0.39,August
1990,8,6.8,4.99,17.57,14.03,24.37,-1.24,-0.13,-1.37,August
1991,8,7.42,5.21,17.72,14.05,25.14,-0.62,0.02,-0.6,August
1992,8,7.93,5.44,17.73,14.17,25.66,-0.11,0.03,-0.08,August
1993,8,7.33,4.76,17.49,13.93,24.82,-0.71,-0.21,-0.92,August
1994,8,7.64,5.19,17.84,14.49,25.48,-0.4,0.14,-0.26,August
1995,8,6.74,4.69,17.78,14.2,24.52,-1.3,0.08,-1.22,August
1996,8,8.18,5.73,17.74,13.9,25.92,0.14,0.04,0.18,August
1997,8,7.29,5.09,17.68,14.09,24.97,-0.75,-0.02,-0.77,August
1998,8,7.51,4.69,17.88,14.06,25.39,-0.53,0.18,-0.35,August
1999,8,7.23,4.75,17.96,14.24,25.19,-0.81,0.26,-0.55,August
2000,8,7.17,4.78,18.21,14.64,25.38,-0.87,0.51,-0.36,August
2001,8,7.46,4.94,17.42,13.75,24.88,-0.58,-0.28,-0.86,August
2002,8,6.6,4.32,17.07,13.74,23.67,-1.44,-0.63,-2.07,August
2003,8,6.94,4.52,17.58,13.77,24.52,-1.1,-0.12,-1.22,August
2004,8,6.85,4.67,18.01,14.23,24.86,-1.19,0.31,-0.88,August
2005,8,6.3,4.21,17.92,13.95,24.22,-1.74,0.22,-1.52,August
2006,8,6.5,4.31,18.1,14.54,24.6,-1.54,0.4,-1.14,August
2007,8,5.34,3.19,17.68,14.03,23.02,-2.7,-0.02,-2.72,August
2008,8,5.91,3.79,17.64,14.13,23.55,-2.13,-0.06,-2.19,August
2009,8,6.14,4.16,18.1,14.45,24.24,-1.9,0.4,-1.5,August
2010,8,5.87,3.88,18.61,14.95,24.48,-2.17,0.91,-1.26,August
2011,8,5.5,3.38,17.81,14.04,23.31,-2.54,0.11,-2.43,August
2012,8,4.72,2.93,18.1,14.56,22.82,-3.32,0.4,-2.92,August
2013,8,6.01,4.17,18.66,15.13,24.67,-2.03,0.96,-1.07,August
2014,8,6.08,4.37,18.91,15.1,24.99,-1.96,1.21,-0.75,August
2015,8,5.6,3.63,17.75,14.02,23.35,-2.44,0.05,-2.39,August
2016,8,5.37,3.31,17.89,13.98,23.26,-2.67,0.19,-2.48,August
2017,8,5.48,3.64,17.22,13.62,22.7,-2.56,-0.48,-3.04,August
2018,8,5.61,3.9,17.42,14.01,23.03,-2.43,-0.28,-2.71,August
2019,8,5.03,3.24,17.48,13.99,22.51,-3.01,-0.22,-3.23,August
2020,8,5.07,3.1,17.76,14.42,22.83,-2.97,0.06,-2.91,August
1979,9,7.05,4.58,18.2,14.29,25.25,0.0,0.0,0.0,September
1980,9,7.67,4.87,18.82,14.87,26.49,0.62,0.62,1.24,September
1981,9,7.14,4.44,18.6,14.78,25.74,0.09,0.4,0.49,September
1982,9,7.3,4.43,18.35,14.53,25.65,0.25,0.15,0.4,September
1983,9,7.39,4.7,18.59,14.68,25.98,0.34,0.39,0.73,September
1984,9,6.81,4.11,18.17,14.27,24.98,-0.24,-0.03,-0.27,September
1985,9,6.7,4.23,18.7,14.72,25.4,-0.35,0.5,0.15,September
1986,9,7.41,4.72,17.68,13.88,25.09,0.36,-0.52,-0.16,September
1987,9,7.28,5.64,18.25,14.27,25.53,0.23,0.05,0.28,September
1988,9,7.37,5.36,18.31,14.2,25.68,0.32,0.11,0.43,September
1989,9,7.01,4.86,18.12,14.48,25.13,-0.04,-0.08,-0.12,September
1990,9,6.14,4.55,18.19,14.39,24.33,-0.91,-0.01,-0.92,September
1991,9,6.47,4.51,18.31,14.47,24.78,-0.58,0.11,-0.47,September
1992,9,7.47,5.43,18.15,14.13,25.62,0.42,-0.05,0.37,September
1993,9,6.4,4.58,18.54,14.7,24.94,-0.65,0.34,-0.31,September
1994,9,7.14,5.13,18.61,14.61,25.75,0.09,0.41,0.5,September
1995,9,6.08,4.43,18.37,14.46,24.45,-0.97,0.17,-0.8,September
1996,9,7.58,5.62,18.63,14.54,26.21,0.53,0.43,0.96,September
1997,9,6.69,4.89,18.6,14.59,25.29,-0.36,0.4,0.04,September
1998,9,6.54,4.3,18.9,14.84,25.44,-0.51,0.7,0.19,September
1999,9,6.12,4.29,18.7,14.62,24.82,-0.93,0.5,-0.43,September
2000,9,6.25,4.35,18.89,15.07,25.14,-0.8,0.69,-0.11,September
2001,9,6.73,4.59,18.17,14.36,24.9,-0.32,-0.03,-0.35,September
2002,9,5.83,4.03,17.89,14.1,23.72,-1.22,-0.31,-1.53,September
2003,9,6.12,4.05,18.3,14.14,24.42,-0.93,0.1,-0.83,September
2004,9,5.98,4.39,18.92,14.59,24.9,-1.07,0.72,-0.35,September
2005,9,5.5,4.07,18.8,14.85,24.3,-1.55,0.6,-0.95,September
2006,9,5.86,4.01,19.09,15.18,24.95,-1.19,0.89,-0.3,September
2007,9,4.27,2.82,18.86,15.39,23.13,-2.78,0.66,-2.12,September
2008,9,4.69,3.26,18.15,14.39,22.84,-2.36,-0.05,-2.41,September
2009,9,5.26,3.76,18.96,15.08,24.22,-1.79,0.76,-1.03,September
2010,9,4.87,3.34,18.8,14.43,23.67,-2.18,0.6,-1.58,September
2011,9,4.56,3.21,18.74,14.57,23.3,-2.49,0.54,-1.95,September
2012,9,3.57,2.41,19.21,15.41,22.78,-3.48,1.01,-2.47,September
2013,9,5.21,3.78,19.39,15.28,24.6,-1.84,1.19,-0.65,September
2014,9,5.22,3.74,19.76,15.75,24.98,-1.83,1.56,-0.27,September
2015,9,4.62,3.42,18.44,14.45,23.06,-2.43,0.24,-2.19,September
2016,9,4.53,2.91,18.15,13.86,22.68,-2.52,-0.05,-2.57,September
2017,9,4.82,3.35,17.91,13.92,22.73,-2.23,-0.29,-2.52,September
2018,9,4.79,3.35,17.96,14.2,22.75,-2.26,-0.24,-2.5,September
2019,9,4.36,3.17,18.33,14.6,22.69,-2.69,0.13,-2.56,September
2020,9,4.0,2.83,18.84,15.09,22.84,-3.05,0.64,-2.41,September
1979,10,8.75,6.19,17.82,13.72,26.57,0.0,0.0,0.0,October
1980,10,9.18,6.5,18.57,14.57,27.75,0.43,0.75,1.18,October
1981,10,8.86,6.27,18.29,14.43,27.15,0.11,0.47,0.58,October
1982,10,9.42,6.67,17.79,13.74,27.21,0.67,-0.03,0.64,October
1983,10,9.33,6.79,17.92,13.92,27.25,0.58,0.1,0.68,October
1984,10,8.56,5.91,17.57,13.73,26.13,-0.19,-0.25,-0.44,October
1985,10,8.55,6.12,18.2,14.37,26.75,-0.2,0.38,0.18,October
1986,10,9.48,6.83,17.18,13.32,26.66,0.73,-0.64,0.09,October
1987,10,9.05,7.49,17.67,13.71,26.72,0.3,-0.15,0.15,October
1988,10,9.13,7.52,18.36,14.41,27.49,0.38,0.54,0.92,October
1989,10,8.83,6.96,17.86,13.85,26.69,0.08,0.04,0.12,October
1990,10,8.48,6.74,17.95,13.8,26.43,-0.27,0.13,-0.14,October
1991,10,8.54,6.75,17.92,13.8,26.46,-0.21,0.1,-0.11,October
1992,10,9.32,7.74,17.93,13.85,27.25,0.57,0.11,0.68,October
1993,10,8.79,7.06,18.13,14.17,26.92,0.04,0.31,0.35,October
1994,10,8.92,7.23,18.09,14.07,27.01,0.17,0.27,0.44,October
1995,10,7.83,5.99,18.03,13.57,25.86,-0.92,0.21,-0.71,October
1996,10,9.16,7.54,17.96,13.94,27.12,0.41,0.14,0.55,October
1997,10,8.34,6.47,17.99,14.12,26.33,-0.41,0.17,-0.24,October
1998,10,8.45,6.71,18.66,14.54,27.11,-0.3,0.84,0.54,October
1999,10,8.6,6.83,18.35,14.23,26.95,-0.15,0.53,0.38,October
2000,10,8.38,6.69,18.13,14.26,26.51,-0.37,0.31,-0.06,October
2001,10,8.3,6.65,17.73,13.34,26.03,-0.45,-0.09,-0.54,October
2002,10,8.16,6.24,17.87,13.82,26.03,-0.59,0.05,-0.54,October
2003,10,7.85,5.98,18.2,13.87,26.05,-0.9,0.38,-0.52,October
2004,10,7.93,6.4,18.46,14.12,26.39,-0.82,0.64,-0.18,October
2005,10,7.35,5.78,18.48,14.04,25.83,-1.4,0.66,-0.74,October
2006,10,7.54,5.8,18.73,14.68,26.27,-1.21,0.91,-0.3,October
2007,10,6.04,4.33,18.51,14.59,24.55,-2.71,0.69,-2.02,October
2008,10,7.35,5.77,17.99,14.12,25.34,-1.4,0.17,-1.23,October
2009,10,6.92,5.24,18.3,14.35,25.22,-1.83,0.48,-1.35,October
2010,10,6.98,5.48,18.65,14.41,25.63,-1.77,0.83,-0.94,October
2011,10,6.46,5.02,18.22,14.23,24.68,-2.29,0.4,-1.89,October
2012,10,5.89,4.58,18.59,14.45,24.48,-2.86,0.77,-2.09,October
2013,10,7.45,5.95,19.02,15.13,26.47,-1.3,1.2,-0.1,October
2014,10,7.23,5.7,19.0,14.83,26.23,-1.52,1.18,-0.34,October
2015,10,6.97,5.49,18.41,14.36,25.38,-1.78,0.59,-1.19,October
2016,10,6.08,4.4,17.46,12.94,23.54,-2.67,-0.36,-3.03,October
2017,10,6.77,5.3,17.78,13.45,24.55,-1.98,-0.04,-2.02,October
2018,10,6.13,4.59,17.73,13.99,23.86,-2.62,-0.09,-2.71,October
2019,10,5.73,4.53,17.94,13.9,23.67,-3.02,0.12,-2.9,October
2020,10,5.33,4.11,18.49,14.6,23.82,-3.42,0.67,-2.75,October
1978,11,11.65,9.04,15.9,11.69,27.55,0.0,0.0,0.0,November
1979,11,10.94,8.37,15.34,11.32,26.28,-0.71,-0.56,-1.27,November
1980,11,11.38,8.73,16.13,11.84,27.51,-0.27,0.23,-0.04,November
1981,11,10.93,8.31,16.11,12.07,27.04,-0.72,0.21,-0.51,November
1982,11,11.63,9.06,15.54,11.27,27.17,-0.02,-0.36,-0.38,November
1983,11,11.46,8.99,16.01,11.57,27.47,-0.19,0.11,-0.08,November
1984,11,10.84,8.24,16.13,12.06,26.97,-0.81,0.23,-0.58,November
1985,11,11.02,8.42,16.14,12.34,27.16,-0.63,0.24,-0.39,November
1986,11,11.45,8.87,15.01,10.87,26.46,-0.2,-0.89,-1.09,November
1987,11,11.22,9.73,15.58,11.23,26.8,-0.43,-0.32,-0.75,November
1988,11,11.33,9.91,16.15,12.29,27.48,-0.32,0.25,-0.07,November
1989,11,11.12,9.46,15.73,11.42,26.85,-0.53,-0.17,-0.7,November
1990,11,11.08,9.64,15.47,11.35,26.55,-0.57,-0.43,-1.0,November
1991,11,10.88,9.25,15.58,11.46,26.46,-0.77,-0.32,-1.09,November
1992,11,11.38,9.75,15.9,11.2,27.28,-0.27,0.0,-0.27,November
1993,11,11.32,9.54,16.04,11.83,27.36,-0.33,0.14,-0.19,November
1994,11,11.12,9.71,15.88,11.78,27.0,-0.53,-0.02,-0.55,November
1995,11,10.76,9.03,15.63,11.49,26.39,-0.89,-0.27,-1.16,November
1996,11,10.4,8.77,15.72,11.24,26.12,-1.25,-0.18,-1.43,November
1997,11,10.68,9.07,15.73,11.59,26.41,-0.97,-0.17,-1.14,November
1998,11,10.44,8.88,16.3,11.88,26.74,-1.21,0.4,-0.81,November
1999,11,10.8,9.26,15.96,11.51,26.76,-0.85,0.06,-0.79,November
2000,11,10.32,8.87,15.76,11.81,26.08,-1.33,-0.14,-1.47,November
2001,11,10.66,9.08,15.61,11.0,26.27,-0.99,-0.29,-1.28,November
2002,11,10.34,8.75,15.41,11.67,25.75,-1.31,-0.49,-1.8,November
2003,11,10.13,8.57,16.11,11.47,26.24,-1.52,0.21,-1.31,November
2004,11,10.34,8.95,16.08,11.75,26.42,-1.31,0.18,-1.13,November
2005,11,10.22,8.8,16.32,11.8,26.54,-1.43,0.42,-1.01,November
2006,11,9.66,8.13,16.23,11.61,25.89,-1.99,0.33,-1.66,November
2007,11,9.76,8.06,15.89,12.16,25.65,-1.89,-0.01,-1.9,November
2008,11,10.34,9.05,16.25,12.01,26.59,-1.31,0.35,-0.96,November
2009,11,9.77,8.36,15.85,11.8,25.62,-1.88,-0.05,-1.93,November
2010,11,9.61,8.43,16.75,11.92,26.36,-2.04,0.85,-1.19,November
2011,11,9.77,8.52,15.76,11.77,25.53,-1.88,-0.14,-2.02,November
2012,11,9.39,8.06,16.11,12.07,25.5,-2.26,0.21,-2.05,November
2013,11,9.94,8.66,16.87,12.77,26.81,-1.71,0.97,-0.74,November
2014,11,10.11,8.75,16.39,12.26,26.5,-1.54,0.49,-1.05,November
2015,11,9.85,8.48,16.18,11.9,26.03,-1.8,0.28,-1.52,November
2016,11,8.66,7.01,14.22,9.84,22.88,-2.99,-1.68,-4.67,November
2017,11,9.49,8.08,15.11,10.91,24.6,-2.16,-0.79,-2.95,November
2018,11,9.82,8.43,15.1,10.75,24.92,-1.83,-0.8,-2.63,November
2019,11,9.35,7.98,14.99,11.19,24.34,-2.3,-0.91,-3.21,November
2020,11,8.99,7.53,16.23,11.88,25.22,-2.66,0.33,-2.33,November
1978,12,13.67,10.9,10.4,6.97,24.07,0.0,0.0,0.0,December
1979,12,13.34,10.63,9.24,6.24,22.58,-0.33,-1.16,-1.49,December
1980,12,13.59,10.78,10.16,6.56,23.75,-0.08,-0.24,-0.32,December
1981,12,13.34,10.54,10.89,7.02,24.23,-0.33,0.49,0.16,December
1982,12,13.64,10.88,9.22,6.31,22.86,-0.03,-1.18,-1.21,December
1983,12,13.3,10.63,10.39,6.71,23.69,-0.37,-0.01,-0.38,December
1984,12,12.99,10.27,10.47,6.96,23.46,-0.68,0.07,-0.61,December
1985,12,13.05,10.24,11.35,7.46,24.4,-0.62,0.95,0.33,December
1986,12,13.22,10.53,9.65,6.49,22.87,-0.45,-0.75,-1.2,December
1987,12,13.425,11.26,10.355,6.945,23.78,-0.245,-0.045,-0.29,December
1988,12,13.63,11.99,11.06,7.4,24.69,-0.04,0.66,0.62,December
1989,12,13.39,11.61,9.84,6.7,23.23,-0.28,-0.56,-0.84,December
1990,12,13.11,11.47,9.95,6.73,23.06,-0.56,-0.45,-1.01,December
1991,12,12.95,11.19,10.19,6.8,23.14,-0.72,-0.21,-0.93,December
1992,12,13.41,11.72,10.21,6.18,23.62,-0.26,-0.19,-0.45,December
1993,12,13.32,11.48,9.93,6.67,23.25,-0.35,-0.47,-0.82,December
1994,12,13.27,11.49,10.1,7.11,23.37,-0.4,-0.3,-0.7,December
1995,12,12.92,11.09,10.62,7.19,23.54,-0.75,0.22,-0.53,December
1996,12,12.86,11.03,9.65,6.24,22.51,-0.81,-0.75,-1.56,December
1997,12,13.08,11.24,10.29,6.99,23.37,-0.59,-0.11,-0.7,December
1998,12,12.76,10.91,10.52,6.8,23.28,-0.91,0.12,-0.79,December
1999,12,12.64,10.99,10.72,6.8,23.36,-1.03,0.32,-0.71,December
2000,12,12.64,10.96,9.91,6.95,22.55,-1.03,-0.49,-1.52,December
2001,12,12.49,10.55,10.35,6.36,22.84,-1.18,-0.05,-1.23,December
2002,12,12.61,10.64,10.79,7.61,23.4,-1.06,0.39,-0.67,December
2003,12,12.59,10.8,10.56,7.2,23.15,-1.08,0.16,-0.92,December
2004,12,12.55,10.98,10.23,6.93,22.78,-1.12,-0.17,-1.29,December
2005,12,12.23,10.56,9.68,6.33,21.91,-1.44,-0.72,-2.16,December
2006,12,11.95,10.17,9.85,6.48,21.8,-1.72,-0.55,-2.27,December
2007,12,12.03,10.18,11.98,8.38,24.01,-1.64,1.58,-0.06,December
2008,12,12.36,10.97,11.51,7.39,23.87,-1.31,1.11,-0.2,December
2009,12,12.2,10.59,10.74,7.09,22.94,-1.47,0.34,-1.13,December
2010,12,11.83,10.43,11.27,6.94,23.1,-1.84,0.87,-0.97,December
2011,12,12.15,10.63,11.2,7.4,23.35,-1.52,0.8,-0.72,December
2012,12,12.01,10.45,10.39,7.38,22.4,-1.66,-0.01,-1.67,December
2013,12,12.18,10.87,11.85,8.34,24.03,-1.49,1.45,-0.04,December
2014,12,12.35,10.89,11.93,8.21,24.28,-1.32,1.53,0.21,December
2015,12,12.04,10.64,10.66,7.09,22.7,-1.63,0.26,-1.37,December
2016,12,11.46,9.62,8.28,5.51,19.74,-2.21,-2.12,-4.33,December
2017,12,11.74,10.26,9.48,6.23,21.22,-1.93,-0.92,-2.85,December
2018,12,11.86,10.45,9.19,5.59,21.05,-1.81,-1.21,-3.02,December
2019,12,11.9,10.52,9.41,6.59,21.31,-1.77,-0.99,-2.76,December
2020,12,11.73,10.16,10.57,6.61,22.3,-1.94,0.17,-1.77,December
